productname,avg(price),rat,avg(rating),avg(sentiScore),avg(combinedScore)
Motorola Moto E (1st Generation) - Black - 4 GB - US GSM Unlocked Phone,89.99000000000116,3794.296163552382,4.412488174077578,2.7668801580934383,3.589684166085508
OtterBox Iphone 5/5S/SE Defender Case w/ Drop and Dust Proctection - Realtree AP Pink,6.98999999999984,3769.2207521346045,3.975199291408326,2.701896815118876,3.3385480532636
Apple iPhone 5s 32GB (Silver) - AT&T,43.94999999999937,3761.2807441263067,3.9892665474060824,2.739321545843116,3.3642940466246034
BLU Dash JR 4.0 K Smartphone - Unlocked - White,43.94999999999962,3477.662107014793,4.047571853320119,2.845712798840027,3.4466423260800725
Samsung Galaxy S Duos GT-S7562 GSM Unlocked Touchscreen 5MP Camera Smartphone White,95.88000000000105,3466.077406649923,3.60492700729927,2.7200317639597142,3.1624793856294917
Apple iPhone 5s 32GB (Gold) - AT&T,54.339999999998675,3394.9941589805057,3.98019801980198,2.742562691050501,3.361380355426243
"BlackBerry 8520OEMRED Gemini 8520 Unlocked Phone with 2 MP Camera, Bluetooth, Wi-Fi--International Version (Red)",39.99000000000021,3286.6512737498488,3.935,2.6383025474997,3.2866512737498486
"BLU Dash JR 4.0K Android 4.2, 2MP - Unlocked (Silver)",49.0,3237.4926798134106,4.051172707889126,2.85179675866399,3.451484733276557
Apple iPhone 4 32GB (Black) - AT&T,99.9900000000014,3172.7953899332515,3.6395233366434954,2.661957080304377,3.150740208473934
OtterBox 77-29864 Defender Series Hybrid Case for Samsung Galaxy Note 10.1 - Retail Packaging - White (2012 Version),9.989999999999837,3079.83086407741,4.487747957992998,2.699721969842256,3.593734963917631
