productname,avg(price),rat,avg(rating),avg(sentiScore),avg(combinedScore)
CNPGD All-in-1 Watch Cell Phone & Smart Watch Sync to Android IOS Smart Phone (Black Plus),59.98999999999944,2938.8064391505054,3.1348425196850394,2.6502095258868206,2.8925260227859306
"CNPGD [U.S. Office Extended Warranty] Smartwatch + Unlocked Watch Cell Phone All in 1 Bluetooth Watch for iPhone Android Samsung Galaxy Note,Nexus,htc,Sony White",49.98999999999988,2710.034077301758,3.138888888888889,2.651782216456751,2.8953355526728184
"CNPGD [U.S. Office Extended Warranty] Smartwatch + Unlocked Watch Cell Phone All in 1 Bluetooth Watch for iPhone Android Samsung Galaxy Note,Nexus,htc,Sony Silver",49.9899999999999,2661.0807986176014,3.085313174946004,2.662161552089852,2.873737363517928
CNPGD [U.S. Warranty] All-in-1 Smartwatch and Watch Cell Phone Red,49.989999999999924,2654.0401783709303,3.1320960698689957,2.662751481159244,2.897423775514116
CNPGD [U.S. Warranty] All-in-1 Smartwatch and Watch Cell Phone Gold,49.98999999999997,2566.23680504597,3.0792410714285716,2.6489660826918953,2.8641035770602343
CNPGD All-in-1 Watch Cell Phone & Smart Watch Sync to Android IOS Smart Phone (Gold),59.989999999999846,2277.620029083965,3.071608040201005,2.6510553494571862,2.861331694829102
"CNPGD [U.S. Office Extended Warranty] Smartwatch + Unlocked Watch Cell Phone All in 1 Bluetooth Watch for iPhone Android Samsung Galaxy Note,Nexus,htc,Sony Brown",49.99000000000028,2234.5347759069973,3.1030927835051547,2.656017463677826,2.8795551235914916
CNPGD [U.S. Warranty] All-in-1 Smartwatch and Watch Cell Phone Silver,49.99000000000031,2196.694825223446,3.069190600522193,2.666305026693071,2.867747813607632
CNPGD All-in-1 Watch Cell Phone & Smart Watch Sync to Android IOS Smart Phone (Gold Plus),59.990000000000016,2122.8939909634523,3.154794520547945,2.661353399899869,2.9080739602239074
CNPGD Watch Cell Phone Mobile Touch Screen Mp3 Mp4 Fm Radio (Black/Silver),39.9900000000006,2103.455042237509,3.1053351573187413,2.6496717981874336,2.8775034777530903
