productname,avg(price),rat,avg(rating),avg(sentiScore),avg(combinedScore)
"\"Samsung Galaxy G920F-S6 32GB Factory Unlocked 5.1\"\" - International Sourced Version - Black\"",434.98999999999484,2871.4046348630336,4.053571428571429,2.783106273483418,3.418338851027421
"Samsung Galaxy S6 SM-G920i Unlocked Cellphone, 32GB, Black Sapphire,INTERNATIONAL VERSION NO WARRANTY",479.989999999995,2507.913007052142,4.005390835579515,2.7544824987928287,3.379936667186175
BLU Vivo Air LTE Factory Unlocked Phone - Retail Packaging - White,429.9899999999962,2102.3457116947807,3.869767441860465,2.6491339897512556,3.2594507158058614
Samsung Galaxy S6 G920F Unlocked Cell Phone - International Sourced Version - White Pearl,449.0,2072.905049847485,4.021381578947368,2.7973850323930383,3.409383305670205
Samsung Galaxy S6 32GB SM-G920i - Unlocked White (International Version),459.98999999999666,1894.714049179667,4.0723327305605785,2.780159309872208,3.426246020216396
"Samsung Galaxy S6 SM-G920i Factory Unlocked Cellphone, 32GB, Blue INTERNATIONAL VERSION NO WARRANTY",429.9899999999974,1789.2137751535492,4.07074569789675,2.7713719891149045,3.4210588435058304
Samsung Galaxy S6 Edge G925F 32GB Unlocked GSM LTE Octa-Core Phone - White,438.5,1680.294238983173,4.028455284552845,2.802009101557614,3.4152321930552296
LG Nexus 5X Unlocked Smartphone - Mint 16GB (U.S. Warranty),449.0,1561.0445962755393,3.944915254237288,2.6696804926929607,3.3072978734651257
Samsung Galaxy S6 Edge Plus G928C 32GB Unlocked GSM 4G LTE Octa-Core Smartphone w/ 16MP Camera - Gold Platinum,459.9899999999986,1462.9521369465504,4.211538461538462,2.821885273781495,3.5167118676599767
Samsung Galaxy S6 Edge G925F 32GB Unlocked GSM 4G LTE Octa-Core Smartphone - Gold Platinum,499.9899999999981,1423.5615353674675,4.080097087378641,2.830395802754694,3.4552464450666687
