productname,avg(price),rat,avg(rating),avg(sentiScore),avg(combinedScore)
"BLU Studio 5.0 C HD Unlocked Cellphone, Black",173.44000000000187,4155.140039932038,4.2127303182579565,2.7473032494674015,3.4800167838626788
Motorola Moto E (1st Generation) - Black - 4 GB - Global GSM Unlocked Phone,109.99000000000211,4049.5030212766183,4.4188110026619345,2.7675297626914337,3.59317038267668
"Apple iPhone 5s AT&T Cellphone, 16GB, Silver",139.94999999999976,3607.0794282100196,3.950925925925926,2.728850792981522,3.3398883594537216
BLU Energy X Plus Smartphone - With 4000 mAh Super Battery- US GSM Unlocked - Grey,139.0,3593.4367397994533,3.792079207920792,2.6767538070197263,3.234416507470255
Samsung Galaxy S4 i9505 16GB LTE Unlocked International Version White,168.6799999999956,3504.827609790064,3.7059360730593607,2.6955755429955564,3.2007558080274556
"Samsung Galaxy S5 SM-G900A GSM Unlocked Cellphone, 16GB, Blue",172.0,3488.085029507384,3.984644913627639,2.7103359491504526,3.3474904313890446
BLU Energy X Plus Smartphone - With 4000 mAh Super Battery- Global GSM Unlocked - Grey,139.0,3423.894578719488,3.785108388312912,2.6689812982459626,3.227044843279442
Apple iPhone 4S 16GB Unlocked GSM - White (Certified Refurbished),129.99000000000163,3250.100047914926,3.3882132834424694,2.692422914714539,3.040318099078509
"ALCATEL OneTouch Idol 3 Global Unlocked 4G LTE Smartphone, 5.5 HD IPS Display, 16GB (GSM - US Warranty)",129.0,3037.724119863562,4.0606394707828,2.6377599114962904,3.349199691139539
BLU Studio 5.0 C HD Smartphone - Unlocked - Orange,115.0,3014.9894501918384,4.215437788018433,2.731542511962756,3.4734901499905972
