productname,avg(price),rat,avg(rating),avg(sentiScore),avg(combinedScore)
"BlackBerry 8520OEMRED Gemini 8520 Unlocked Phone with 2 MP Camera, Bluetooth, Wi-Fi--International Version (Red)",39.99000000000021,3286.6512737498488,3.935,2.6383025474997,3.2866512737498486
"Blackberry Curve 8520 Unlocked Quad-Band GSM Phone with 2MP Camera, QWERTY Keyboard, Wi-Fi and Bluetooth - Lavender",39.99000000000036,3078.2409658731763,3.9106382978723406,2.63881056568761,3.274724431779975
"Blackberry Curve 8520 Unlocked Quad-Band GSM Phone with 2MP Camera, QWERTY Keyboard, Wi-Fi and Bluetooth - Sky Blue",39.99000000000045,2946.8216369861725,3.885082872928177,2.6272301369860243,3.256156504957097
"Blackberry Curve 8520 Gemini SmartPhone Unlocked with 2 MP Camera, Bluetooth, Wi-Fi, E-mail-- International Version with No Warranty (Frost Blue)",39.99000000000045,2946.0028011056534,3.8883977900552487,2.6221056378025516,3.2552517139288986
"Blackberry 9650 Bold Unlocked GSM Smartphone with 3 MP Camera, Bluetooth, 3G, Wi-Fi, and MicroSd Slot (Black)",73.98999999999971,2943.4424251321534,3.5200845665961946,2.7028381081018096,3.111461337348999
"Blackberry Curve 8520 Unlocked Quad-Band GSM Phone with 2MP Camera, QWERTY Keyboard, Wi-Fi and Bluetooth - US Warranty - Opal Pink",51.94999999999981,2584.1063261157356,3.8641509433962264,2.6367454745049907,3.2504482089506106
"Blackberry Gemini 8520 White Unlocked Cell Phone with 2 MP Camera, Bluetooth, Wi-Fi--International Version with No Warranty (White)",39.99000000000057,2326.5426152733485,3.9028169014084506,2.650824268375628,3.27682058489204
"BlackBerry Bold 9780 Unlocked Cell Phone with Full QWERTY Keyboard, 5 MP Camera, Wi-Fi, 3G, Music/Video Playback, Bluetooth v2.1, and GPS (Black)",106.84999999999987,2191.2918551820926,3.5212464589235126,2.6863791931503997,3.1038128260369584
"BlackBerry 8520 Unlocked Phone with 2 MP Camera, Bluetooth, Wi-Fi--International Version with No Warranty (Black)",32.95000000000038,2011.900919662544,3.915447154471545,2.627320063943235,3.2713836092073887
"BlackBerry Classic Factory Unlocked Cellphone, Black",149.99000000000035,1737.871965688826,3.9809885931558937,2.626889603379565,3.30393909826773
