productname,avg(price),rat,avg(rating),avg(sentiScore),avg(combinedScore)
Samsung Galaxy S6 G920F 32GB Factory Unlocked GSM 4G LTE Octa-Core Smartphone - Blue Topaz,529.0,2935.154190195878,4.086752637749121,2.795203259544846,3.4409779486469847
"Apple iPhone 6 Plus Unlocked Cellphone, 16GB, Silver",519.0,2165.4446159777435,4.187096774193549,2.798208438637878,3.4926526064157155
LG Nexus 5X Unlocked Smartphone - Mint 32GB (U.S. Warranty),578.0,2152.8804918542096,3.950920245398773,2.6530076437245618,3.3019639445616713
LG Electronics G3 D855 32GB Unlocked International Phone (International Version No Warranty) - Retail Packaging - Violet,561.1099999999919,1957.2561171683483,4.043630017452007,2.787979466556187,3.4158047420040982
Samsung Galaxy Note 5 N920C 32GB Factory Unlocked GSM - White,599.0,1644.9875108737183,4.010330578512397,2.787138474684784,3.3987345265985915
Apple iPhone 5c 32GB (Pink) - AT&T,540.0,1538.496246182896,3.956896551724138,2.674552785271098,3.3157246684976203
Apple iPhone 5c 16GB (Pink) - AT&T,519.0,1284.9597963100284,3.850253807106599,2.672384752842783,3.2613192799746913
Apple iPhone SE Unlocked Phone - 64 GB Retail Packaging - Silver,514.980000000002,1269.398121481462,4.392045454545454,2.8204438720537657,3.6062446632996084
Samsung Galaxy S6 Edge Plus SM-G928 32GB Black Factory Unlocked GSM - International Version,557.4899999999984,1247.3884422667438,4.2414772727272725,2.8459570583337737,3.543717165530522
Apple iPhone SE Unlocked Phone - 64 GB Retail Packaging - Rose Gold,505.9899999999996,1204.0800462664793,4.352238805970149,2.8362987836804767,3.5942687948253114
