productname,avg(price),rat,avg(rating),avg(sentiScore),avg(combinedScore)
Nokia Lumia 920 RM-821 32GB Black Windows 8 Smartphone 4G LTE (GSM Factory Unlocked),79.94999999999885,2495.5952137015242,3.6188679245283017,2.6593590281799324,3.1391134763541184
Nokia Lumia 920 32GB Unlocked GSM 4G LTE Windows 8 Smartphone - Red,149.3500000000015,2173.0631621792963,3.61294964028777,2.64046953145121,3.126709585869491
Nokia Lumia 920 32GB Unlocked GSM Windows 8 Smartphone w/ Carl Zeiss Optics Camera - Yellow,99.98999999999945,2059.682842841281,3.523880597014925,2.624426396541133,3.074153496778031
Nokia Lumia 635 8GB Unlocked GSM 4G LTE Windows 8.1 Quad-Core Phone - Black,75.98999999999998,1945.2621142578569,3.8488964346349746,2.7564078582609723,3.3026521464479743
"Nokia Lumia 1020 RM-877 GSM Unlocked 32GB Windows 8.1 4G LTE Smartphone - Black (International version, No Warranty)",337.0,1884.806855412096,3.984042553191489,2.699669700042894,3.3418561266171913
Nokia Lumia 635 8GB Unlocked GSM 4G LTE Windows 8.1 Quad-Core Phone - White,99.9499999999991,1859.4219145530212,3.9051878354203935,2.7474844885617915,3.3263361619910934
"Nokia E71x Unlocked Phone with QWERTY Keyboard, 3.2 MP Camera and Dual-Band 3G (Black)",59.99000000000066,1754.9196655304083,4.186538461538461,2.563152559732341,3.3748455106354007
"Nokia C3-00 Unlocked Cell Phone (Slate) with QWERTY, Dedicated E-mail Key, 2 MP Camera, Media Player, WLAN, and MicroSD Slot",49.99000000000033,1520.5142614440447,4.017391304347826,2.5935402671480228,3.305465785747923
"Nokia E71 Unlocked Phone with 3.2 MP Camera, 3G, Media Player, GPS with Free Voice Navigation, Wi-Fi, and MicroSD Slot--U.S. Version with Warranty (White)",193.5,1385.6069627317963,4.192682926829268,2.5663754279599873,3.379529177394625
"Nokia Lumia 900 16GB Unlocked GSM Phone with Windows 7.5 OS, AMOLED Touchscreen, 8MP Camera, GPS, Wi-Fi, Bluetooth, FM Radio and microSD Slot - White",150.0,1356.0070533964092,3.476297968397291,2.64563003790704,3.0609640031521654
