productname,avg(price),rat,avg(rating),avg(sentiScore),avg(combinedScore)
"BLU Studio 5.0 C HD Unlocked Cellphone, Black",173.44000000000187,4155.140039932038,4.2127303182579565,2.7473032494674015,3.4800167838626788
BLU Energy X Plus Smartphone - With 4000 mAh Super Battery- US GSM Unlocked - Grey,139.0,3593.4367397994533,3.792079207920792,2.6767538070197263,3.234416507470255
BLU Dash JR 4.0 K Smartphone - Unlocked - White,43.94999999999962,3477.662107014793,4.047571853320119,2.845712798840027,3.4466423260800725
BLU Energy X Plus Smartphone - With 4000 mAh Super Battery- Global GSM Unlocked - Grey,139.0,3423.894578719488,3.785108388312912,2.6689812982459626,3.227044843279442
"BLU Dash JR 4.0K Android 4.2, 2MP - Unlocked (Silver)",49.0,3237.4926798134106,4.051172707889126,2.85179675866399,3.451484733276557
BLU Studio 7.0 II -Unlocked Smartphone - US GSM - Blue,95.88000000000065,3074.318058609335,3.512639029322548,2.704384345013809,3.108511687168185
BLU Studio 5.0 C HD Smartphone - Unlocked - Orange,115.0,3014.9894501918384,4.215437788018433,2.731542511962756,3.4734901499905972
BLU Energy X Plus Smartphone - With 4000 mAh Super Battery- US GSM Unlocked - Silver,139.0,2993.1559808696156,3.820846905537459,2.6789489269698445,3.2498979162536545
"\"BLU VIVO 5 Smartphone -5.5\"\" 4G LTE GSM Unlocked - 32GB +3GB RAM - Silver\"",199.95000000000147,2936.1876248368276,3.9931895573212257,2.6723896137044783,3.3327895855128578
BLU Studio 5.0 C HD - Unlocked Cell Phones - Retail Packaging - Blue,2000.0,2935.7492427081725,4.218009478672986,2.738742281298982,3.4783758799859865
