productname,avg(price),rat,avg(rating),avg(sentiScore),avg(combinedScore)
Samsung Galaxy S7 Edge G9350 32GB HK DUAL SIM Factory Unlocked GSM International Version no warranty (BLUE CORAL),616.9899999999934,3271.6239985512325,4.123940677966102,2.80746609862548,3.4657033882957973
Apple iPhone 6 Plus 64GB Gold (Factory Unlocked),615.0,3006.8206865597663,4.268004722550177,2.8319260603536334,3.549965391451908
"Apple iPhone 6 Plus Factory Unlocked Cellphone, 64GB, Silver",605.0,2276.5838221468894,4.258970358814352,2.844255295310101,3.55161282706223
Apple iPhone 5c 16GB (Green) - AT&T,648.0,2049.7221953715784,3.953074433656958,2.6803307293578573,3.3167025815074083
BLU Life XL - LTE Smartphone - GSM Unlocked - 16GB +2GB RAM - White,622.899999999996,1327.1472075298186,3.874384236453202,2.663286736600097,3.2688354865266467
Apple iPhone 5c 16GB (Green) - Sprint,605.0,1259.6062964401494,3.4320388349514563,2.6825548370881003,3.05729683601978
"Apple iPhone 6S Plus Unlocked Smartphone, 16 GB (Rose Gold)",669.9500000000036,1171.7568859146647,4.197604790419161,2.8189035084710485,3.508254149445104
Samsung Galaxy S7 Edge Factory Unlocked Phone 32 GB - Internationally Sourced (Middle East/Afican/Asia) Version G935FD- Pink Gold,639.0,1149.5906565541509,4.098802395209581,2.7849739913422202,3.4418881932759007
"Apple iPhone 6S Plus Unlocked Smartphone, 16 GB (Space Gray)",634.9400000000019,1126.8655312718658,4.311111111111111,2.8435906747420088,3.577350892926558
Samsung Galaxy Note II N7100 16GB White-Unlocked International Phone,618.2999999999987,935.3204456924195,4.0285714285714285,2.652288897802997,3.3404301631872126
