productname,avg(price),rat,avg(rating),avg(sentiScore),avg(combinedScore)
BLU Studio 5.0 C HD - Unlocked Cell Phones - Retail Packaging - Blue,2000.0,2935.7492427081725,4.218009478672986,2.738742281298982,3.4783758799859865
BLU Studio 5.0 C HD Smartphone - Unlocked - Yellow,2000.0,2898.1748442075987,4.218225419664269,2.7318341587712176,3.475029789217744
"BLU Studio 5.0 C HD Unlocked Cellphone, White",2000.0,2759.026702413628,4.216624685138539,2.733064741596036,3.4748447133672893
Samsung Galaxy S5 Mini G800h 16gb Hspa+ Unlocked GSM Phone - Blue,2000.0,2416.3738685846033,4.339762611275964,2.830486256927598,3.585124434101785
BLU Studio Selfie - Smartphone - GSM Unlocked - Grey,2000.0,2348.0441931319215,3.83943661971831,2.7747723750194955,3.3071044973689037
"BLU Studio 6.0 Unlocked Cellphone, White",971.5999999999876,2093.4519217241364,3.523529411764706,2.633682122718052,3.078605767241377
BLU Life 8 XL Smartphone - Unlocked - Global GSM - Pink,2000.0,1503.4889446615646,3.713375796178344,2.670866007055472,3.19212090161691
Blu LIFE 8 Unlocked (Yellow),2000.0,1074.7820772579407,3.8297872340425534,2.703842414941889,3.2668148244922213
Apple iPhone 7 Unlocked Phone 256 GB - US Version (Jet Black),949.9499999999979,513.6452977987694,4.463768115942029,2.980366634764774,3.7220673753534017
Apple iPhone 7 Unlocked Phone 256 GB - US Version (Black),922.0,510.19345180788315,4.463768115942029,2.9303398812736683,3.697053998607849
