productname,avg(price),rat,avg(rating),avg(sentiScore),avg(combinedScore)
"Samsung Galaxy S5 Mini G800H Unlocked Cellphone, International Version, 16GB, White",350.0,3210.0722931704177,4.326280623608018,2.8231008756579525,3.574690749632982
Samsung Korea SAMSUNG GALAXY S4 MINI GT-i9195 LTE 8GB- FACTORY UNLOCKED International Version - Unlocked Cell Phones - Retail Packaging - White(NO WARRANTY),379.0,2120.8652362962703,4.364102564102564,2.8867187565684445,3.6254106603355045
LG Nexus 5X Unlocked Smartphone with 5.2-Inch 32GB H790 4G LTE (Carbon Black),399.0,1949.6023006555993,4.156140350877193,2.684569475984552,3.420354913430876
"Nokia Lumia 1020 RM-877 GSM Unlocked 32GB Windows 8.1 4G LTE Smartphone - Black (International version, No Warranty)",337.0,1884.806855412096,3.984042553191489,2.699669700042894,3.3418561266171913
"Samsung Galaxy S5 SM-G900H Factory Unlocked Cellphone, International Version, Black",339.9899999999997,1713.019489355614,4.098790322580645,2.8085463280468277,3.453668325313738
"Samsung Galaxy S6 G920I Factory Unlocked Cellphone, 32GB, Platinum Gold",319.9900000000001,1711.2994789959287,4.039761431411531,2.764610254456965,3.402185842934252
LG Nexus 5X Unlocked Smartphone - White 32GB (U.S. Warranty),399.0,1623.8939215807861,3.934959349593496,2.666235453580432,3.3005974015869635
"Apple iPhone 5 Unlocked Cellphone, 64GB, White",314.94999999999976,1549.910396043333,3.75,2.7079599835138874,3.228979991756944
"Apple iPhone 5 Unlocked Cellphone, 64GB, Black",309.0,1459.2956152808272,3.8292134831460674,2.729418495644164,3.2793159893951174
"Samsung Galaxy Note 3 N9005 Unlocked Cellphone, International Version, 32GB, Black",325.1600000000026,1440.3673632100647,4.097619047619047,2.761273158143166,3.4294461028811063
