productname,avg(price),rat,avg(rating),avg(sentiScore),avg(combinedScore)
Samsung Galaxy S Duos II S7582 DUAL SIM Factory Unlocked International Version - Black,299.98999999999523,3956.0838973195973,4.322813345356177,2.811693232316675,3.567253288836427
Huawei Mate 2 - Factory Unlocked (Black),229.98999999999725,3602.216557116745,4.452286282306163,2.7091780459577444,3.5807321641319536
Samsung Galaxy S4 SGH-I337 Unlocked GSM Smartphone w/ 13 MP Camera - Red (No Warranty),288.8900000000063,2760.3514434899134,3.741822429906542,2.707596830583906,3.224709630245226
Apple iPhone 4S 16GB (Black) - Verizon,224.76999999999742,2732.9855873790693,3.606407322654462,2.6475642731786495,3.1269857979165554
Galaxy S5 G900A Factory Unlocked Android Smartphone 16GB White,222.0,2665.29529962989,3.9525,2.7107382490747205,3.3316191245373625
LG G3 D855 32GB LTE Unlocked GSM Android Smartphone - Silk White - International Version No Warranty,210.9500000000005,2631.9201342865813,4.10353866317169,2.795334559073609,3.4494366111226493
"BLU Studio 6.0 Unlocked Cellphone, Black",292.989999999997,2534.213596727928,3.547560975609756,2.633447796897377,3.0905043862535706
"Samsung Galaxy S5 SM-G900A GSM Unlocked Cellphone, 16GB, Black",234.0,2456.12666246652,3.9297297297297296,2.708450439098695,3.319090084414216
"ASUS ZenFone 2 Laser Unlocked Smartphone, 3GB RAM, 32GB Storage",229.0,2416.3703681000293,4.027816411682893,2.6936588820584957,3.360737646870694
Apple iPhone 5c 32GB - Unlocked - (White),219.9900000000007,2334.9725840975657,4.029027576197388,2.748831884172902,3.388929730185146
