productname,avg(price),rat,avg(rating),avg(sentiScore),avg(combinedScore)
"Samsung Galaxy S5 Mini G800H Unlocked Cellphone, International Version, 16GB, Black",799.9899999999932,2868.674519873912,4.3727959697733,2.853084432931769,3.612940201352534
"Apple iPhone 6S Plus Unlocked Smartphone, 64 GB (Gold)",749.9500000000053,1336.1842506937307,4.274666666666667,2.8516493370332343,3.5631580018499487
"Apple iPhone 6S Plus Unlocked Smartphone, 64 GB (Silver)",769.989999999996,1313.6245048761189,4.2533692722371965,2.8281644467715283,3.5407668595043633
"Apple iPhone 6S Plus Unlocked Smartphone, 32 GB (Space Gray)",749.989999999997,1135.8333031673521,4.264797507788162,2.812045502600326,3.5384215051942434
"Apple iPhone 6S Plus Unlocked Smartphone, 32 GB (Gold)",749.9899999999976,1029.3067578581822,4.208904109589041,2.8411421771108376,3.525023143349939
"Apple iPhone 6S Plus Unlocked Smartphone, 32 GB (Silver)",744.9899999999982,963.3106280174774,4.257352941176471,2.8258134413049785,3.5415831912407256
SONY XPERIA Z3 COMPACT D5803 16GB (FACTORY UNLOCKED) INTERNATIONAL MODEL- WHITE No-Warranty,799.0,575.1876701932897,4.029239766081871,2.698101405769468,3.3636705859256706
Apple iPhone 6s 128 GB International Warranty Unlocked Cellphone - Retail Packaging (Silver),749.9900000000022,551.8886739952965,4.006134969325154,2.7655052023962767,3.3858200858607144
Samsung Galaxy Note 4 N910a 32GB Unlocked GSM 4G LTE Smartphone White,750.0,378.20362370435936,3.7058823529411766,2.650481070661505,3.178181711801339
Apple iPhone 7 Unlocked Phone 32 GB - US Version (Black),714.6500000000003,376.4522212561234,4.46078431372549,2.9206317893357516,3.6907080515306214
