productname,avg(price),rat,avg(rating),avg(sentiScore),avg(combinedScore)
HTC One M8 - Factory Unlocked 32GB - US Warranty (Glacial Silver),138.99000000000197,2853.311177326295,3.972972972972973,2.7328112275588556,3.3528921002659167
HTC 1 X Unlocked GSM Android Smartphone with Beats Audio Sound and Front-Facing Speakers - White,89.98999999999948,2358.4087217263004,3.5975935828877006,2.7083120901772735,3.1529528365324873
"HTC One X Unlocked Gsm Phone, 16GB, Gray",92.98999999999958,1855.3857396853266,3.5133779264214047,2.6919255507870385,3.102651738604225
HTC DROID INCREDIBLE ADR 6300 3G Android Phone Black (Verizon Wireless),29.990000000000062,1725.18435529921,2.8789308176100628,2.546177217922044,2.7125540177660534
HTC One M9 32GB Unlocked GSM 4G LTE Smartphone w/ 20MP Camera - Amber Gold,339.9900000000013,1362.1217335018966,3.727488151658768,2.728065087686708,3.2277766196727407
HTC One M7 32GB GSM Unlocked 4G LTE Android Smartphone - Black,249.99000000000183,1339.9022359653989,3.2246696035242293,2.6779834183497666,2.951326510937002
HTC EVO Design SL892 Android Phone (BOOST MOBILE) Evo Design 4G by HTC (Boost)‎,99.99000000000008,1202.871615210348,3.0894117647058823,2.5711605421663464,2.830286153436113
HTC One M7 32GB Unlocked GSM 4G LTE Android Cell Phone - Silver,133.94999999999922,1147.6868255705294,3.1573604060913705,2.6684610435052236,2.912910724798298
HTC One M7 32GB Unlocked GSM 4G LTE Android Cell Phone - Black,149.98999999999995,1002.9997853046018,4.056478405315614,2.6079719953794114,3.3322252003475143
"HTC ONE M9 32GB Unlocked GSM 20MP Camera Smartphone, Gunmetal Grey",345.0,890.1996359645951,3.7454545454545456,2.7287246251970583,3.2370895853258004
