productname,avg(price),rat,avg(rating),avg(sentiScore),avg(combinedScore)
OtterBox Iphone 5/5S/SE Defender Case w/ Drop and Dust Proctection - Realtree AP Pink,6.98999999999984,3769.2207521346045,3.975199291408326,2.701896815118876,3.3385480532636
OtterBox 77-29864 Defender Series Hybrid Case for Samsung Galaxy Note 10.1 - Retail Packaging - White (2012 Version),9.989999999999837,3079.83086407741,4.487747957992998,2.699721969842256,3.593734963917631
Otterbox Otterbox Defender Carrying Case for Samsung Galaxy S4 - Retail Packaging - Eden,14.989999999999824,2686.8049471250347,4.504054054054054,2.757580938175764,3.630817496114912
"OtterBox Protective Defender Case for Apple iPhone 5, iPhone 5s, and iPhone SE - White/Pink (Retail Packaging)",27.489999999999817,1864.6133478615195,4.573385518590998,2.724514081649779,3.6489498001203904
"\"OtterBox SYMMETRY SERIES Case for iPhone 6 Plus/6s Plus (5.5\"\" Version) - Retail Packaging - BLUE PRINT II (SLATE GREY/DEEP WATER BLUE)\"",15.989999999999842,1752.2994934247167,4.553235908141962,2.7632546698317983,3.6582452889868824
OtterBox Rugged Original Case w/ 3-Layer Proection for Apple iPhone 5/5S/SE (Defender Series) - AP Pink,29.950000000000184,1549.71223442898,4.3764434180138565,2.781580759487209,3.5790120887505315
Iphone 5 & 5S Replacement Belt Clip for OtterBox Defender Cases,1.7300000000000106,1452.1261572210872,3.7533333333333334,2.7005606987603903,3.2269470160468603
OtterBox 'Defender Series' Protective Case for Samsung Galaxy S5 (all versions) + Belt-Clip/Holster - Deep Water Blue/White,16.899999999999956,1197.9762679456512,4.529230769230769,2.8429308796655444,3.6860808244481578
OtterBox RealTree Defender Case Apple iPhone 5 (Retail Packaging)- AP Blaze Orange,16.989999999999878,1017.6877593518894,4.485714285714286,2.78348399537064,3.6345991405424622
OtterBox 'Defender Series' Rugged and Protective Case for Samsung Galaxy S5 w/ Belt-Clip - Deep Water Blue/White (Retail Packaging),16.90000000000001,1012.6294107301502,4.561151079136691,2.7239525951809354,3.6425518371588135
