productname,avg(price),rat,avg(rating),avg(sentiScore),avg(combinedScore)
Samsung Galaxy S Duos II S7582 DUAL SIM Factory Unlocked International Version - Black,299.98999999999523,3956.0838973195973,4.322813345356177,2.811693232316675,3.567253288836427
Samsung Galaxy S4 i9505 16GB LTE Unlocked International Version White,168.6799999999956,3504.827609790064,3.7059360730593607,2.6955755429955564,3.2007558080274556
Samsung Galaxy S Duos GT-S7562 GSM Unlocked Touchscreen 5MP Camera Smartphone White,95.88000000000105,3466.077406649923,3.60492700729927,2.7200317639597142,3.1624793856294917
Samsung Galaxy S7 Edge G9350 32GB HK DUAL SIM Factory Unlocked GSM International Version no warranty (BLUE CORAL),616.9899999999934,3271.6239985512325,4.123940677966102,2.80746609862548,3.4657033882957973
"Samsung Galaxy S5 Mini G800H Unlocked Cellphone, International Version, 16GB, White",350.0,3210.0722931704177,4.326280623608018,2.8231008756579525,3.574690749632982
"Samsung Galaxy Exhibit 4G (T-Mobile), t679",119.99000000000197,2978.457433489045,3.4565656565656564,2.5605200676546365,3.008542862110146
Samsung Galaxy S6 G920F 32GB Factory Unlocked GSM 4G LTE Octa-Core Smartphone - Blue Topaz,529.0,2935.154190195878,4.086752637749121,2.795203259544846,3.4409779486469847
Samsung Galaxy S3 SGH-i747 4G LTE GSM Unlocked 16GB No Warranty (White),88.0,2893.3231027192787,3.770345596432553,2.680765000488911,3.2255552984607343
"\"Samsung Galaxy G920F-S6 32GB Factory Unlocked 5.1\"\" - International Sourced Version - Black\"",434.98999999999484,2871.4046348630336,4.053571428571429,2.783106273483418,3.418338851027421
"Samsung Galaxy S5 Mini G800H Unlocked Cellphone, International Version, 16GB, Black",799.9899999999932,2868.674519873912,4.3727959697733,2.853084432931769,3.612940201352534
