productname,avg(price),rat,avg(rating),avg(sentiScore),avg(combinedScore)
Motorola Moto E (1st Generation) - Black - 4 GB - Global GSM Unlocked Phone,109.99000000000211,4049.5030212766183,4.4188110026619345,2.7675297626914337,3.59317038267668
Motorola Moto E (1st Generation) - Black - 4 GB - US GSM Unlocked Phone,89.99000000000116,3794.296163552382,4.412488174077578,2.7668801580934383,3.589684166085508
Moto G Plus (4th Gen.) Unlocked - White - 16GB - U.S. Warranty,249.0,1902.6500316470228,4.233695652173913,2.6599638827790693,3.4468297674764905
"Motorola Moto X - 16GB, Unlocked Phone - US Warranty - Black",89.98999999999982,1824.4794137047509,4.067289719626168,2.7531940699243016,3.4102418947752353
Moto G Plus (4th Gen.) Unlocked - Black - 64GB - U.S. Warranty,299.0,1804.7618890219562,4.219047619047619,2.656235767702688,3.437641693375155
Moto G Plus (4th Gen.) Unlocked - Black - 16GB - U.S. Warranty,249.0,1757.6669385722946,4.20703125,2.6588552287980294,3.432943239399013
Moto G Plus (4th Gen.) Unlocked - White - 64GB - U.S. Warranty,298.94999999999953,1717.906514198861,4.280808080808081,2.6602283401974187,3.4705182105027497
Motorola Moto X (2nd Generation) - Black Leather - 16 GB (U.S. Warranty) Unlocked Phone,109.0,1633.586513268582,4.35,2.7525500576894837,3.5512750288447434
Moto G Play (4th gen.) - Black - 16 GB - Unlocked - Prime Exclusive - with Lockscreen Offers & Ads,149.98999999999936,1473.9338343512538,4.23943661971831,2.6804405368603494,3.459938578289328
"Motorola Droid 2 A955 Verizon Phone 5MP Cam, WiFi, GPS, Bluetooth",82.0,1412.0532806409356,3.0677290836653386,2.5579811977726483,2.812855140718995
