productname,avg(price),rat,avg(rating),avg(sentiScore),avg(combinedScore)
LG G3 D855 32GB LTE Unlocked GSM Android Smartphone - Silk White - International Version No Warranty,210.9500000000005,2631.9201342865813,4.10353866317169,2.795334559073609,3.4494366111226493
Verizon LG enV3 VX9200 No Contract 3G QWERTY MP3 Camera Cell Phone Red,18.219999999999775,2410.997833441739,3.6644993498049416,2.6059761597964606,3.135237754800701
LG A275 Black Unlocked GSM Dual SIM QuadBand Cell Phone - International Version - No Warranty,50.5,2244.5883220959354,3.8935860058309038,2.650403271416718,3.2719946386238123
"LG G2 D800 GSM 4G LTE Unlocked Smartphone with 13MP Camera, 32GB, Black",189.99000000000214,2219.2167878881833,3.9803030303030305,2.7445963269338893,3.3624496786184594
LG Nexus 5X Unlocked Smartphone - Mint 32GB (U.S. Warranty),578.0,2152.8804918542096,3.950920245398773,2.6530076437245618,3.3019639445616713
"LG G3 D855 Factory Unlocked Cellphone, International Version, 16GB, Black",195.99000000000197,2060.2714281143444,4.039735099337748,2.7823557222329263,3.4110454107853383
LG G2 D800 32GB Unlocked GSM 4G LTE 2.26 GHz Quad-Core Android Smartphone with 13 MP Camera (White),199.99000000000188,1983.3357233253773,4.159722222222222,2.7268601504353374,3.4432911863287803
LG Nexus 5X Unlocked Smartphone with 5.2-Inch 32GB H790 4G LTE (Carbon Black),399.0,1949.6023006555993,4.156140350877193,2.684569475984552,3.420354913430876
LG G3 D855 16GB Metallic Black Factory Unlocked 4G 3G 2G 2G GSM 850/900/1800/1900,275.0,1858.0549264356575,4.0256880733944955,2.792862115360209,3.409275094377353
LG OPTIMUS L7 P705 Factory Unlocked International Version GSM Android Phone No warranty - Black Pink,150.0,1808.8890004233929,4.235976789168278,2.761659576105966,3.4988181826371236
